Datetime,Water Level (m)
2025-09-16 12:00:00,0.5953564
2025-09-16 13:00:00,0.47480386
2025-09-16 14:00:00,0.27457744
2025-09-16 15:00:00,0.047034144
2025-09-16 16:00:00,-0.14439492
2025-09-16 17:00:00,-0.17325328
2025-09-16 18:00:00,-0.09706626
2025-09-16 19:00:00,0.06571825
2025-09-16 20:00:00,0.33353895
2025-09-16 21:00:00,0.6116973
2025-09-16 22:00:00,0.8470581
2025-09-16 23:00:00,0.9737956
2025-09-17 00:00:00,1.0226991
2025-09-17 01:00:00,0.9310924
2025-09-17 02:00:00,0.68772215
2025-09-17 03:00:00,0.39404058
2025-09-17 04:00:00,0.06582608
2025-09-17 05:00:00,-0.18067956
2025-09-17 06:00:00,-0.2680649
2025-09-17 07:00:00,-0.22151159
2025-09-17 08:00:00,-0.035319034
2025-09-17 09:00:00,0.24031436
2025-09-17 10:00:00,0.49830174
2025-09-17 11:00:00,0.7219925
2025-09-17 12:00:00,0.8237821
2025-09-17 13:00:00,0.8034613
2025-09-17 14:00:00,0.6555839
2025-09-17 15:00:00,0.38768935
2025-09-17 16:00:00,0.10498681
2025-09-17 17:00:00,-0.17826486
2025-09-17 18:00:00,-0.28743675
2025-09-17 19:00:00,-0.25304952
2025-09-17 20:00:00,-0.06144864
2025-09-17 21:00:00,0.2610757
2025-09-17 22:00:00,0.62029624
2025-09-17 23:00:00,0.96441764
2025-09-18 00:00:00,1.132215
2025-09-18 01:00:00,1.1815724
2025-09-18 02:00:00,1.0555933
2025-09-18 03:00:00,0.74611
2025-09-18 04:00:00,0.35641986
2025-09-18 05:00:00,-0.048209038
2025-09-18 06:00:00,-0.3179856
2025-09-18 07:00:00,-0.3971158
2025-09-18 08:00:00,-0.32492608
2025-09-18 09:00:00,-0.0708505
2025-09-18 10:00:00,0.307766
2025-09-18 11:00:00,0.64426035
2025-09-18 12:00:00,0.9232087
2025-09-18 13:00:00,1.0262147
2025-09-18 14:00:00,0.98495644
2025-09-18 15:00:00,0.7526145
2025-09-18 16:00:00,0.38388756
2025-09-18 17:00:00,-0.007827328
2025-09-18 18:00:00,-0.3426847
2025-09-18 19:00:00,-0.42212245
2025-09-18 20:00:00,-0.32738128
2025-09-18 21:00:00,-0.057621602
2025-09-18 22:00:00,0.35663494
2025-09-18 23:00:00,0.735536
2025-09-19 00:00:00,1.0645441
2025-09-19 01:00:00,1.2483114
2025-09-19 02:00:00,1.2844561
2025-09-19 03:00:00,1.0745316
2025-09-19 04:00:00,0.67262346
2025-09-19 05:00:00,0.21770145
2025-09-19 06:00:00,-0.28883937
2025-09-19 07:00:00,-0.53015715
2025-09-19 08:00:00,-0.5275729
2025-09-19 09:00:00,-0.3275095
2025-09-19 10:00:00,0.035337146
2025-09-19 11:00:00,0.4823668
2025-09-19 12:00:00,0.8636314
2025-09-19 13:00:00,1.1120598
2025-09-19 14:00:00,1.1620653
2025-09-19 15:00:00,1.0557755
2025-09-19 16:00:00,0.7210883
2025-09-19 17:00:00,0.26522097
2025-09-19 18:00:00,-0.2073687
2025-09-19 19:00:00,-0.5153643
2025-09-19 20:00:00,-0.5486224
2025-09-19 21:00:00,-0.38890362
2025-09-19 22:00:00,-0.025378723
2025-09-19 23:00:00,0.46740773
2025-09-20 00:00:00,0.9214822
2025-09-20 01:00:00,1.2730039
2025-09-20 02:00:00,1.3981248
2025-09-20 03:00:00,1.3227271
2025-09-20 04:00:00,0.9832577
2025-09-20 05:00:00,0.4673231
2025-09-20 06:00:00,-0.061145537
2025-09-20 07:00:00,-0.49706516
2025-09-20 08:00:00,-0.6055504
2025-09-20 09:00:00,-0.5221545
2025-09-20 10:00:00,-0.22816251
2025-09-20 11:00:00,0.2399137
2025-09-20 12:00:00,0.72968644
2025-09-20 13:00:00,1.1305424
2025-09-20 14:00:00,1.3197063
2025-09-20 15:00:00,1.3285763
2025-09-20 16:00:00,1.0722307
2025-09-20 17:00:00,0.60173196
2025-09-20 18:00:00,0.09534145
2025-09-20 19:00:00,-0.42506322
2025-09-20 20:00:00,-0.60904896
2025-09-20 21:00:00,-0.5561772
2025-09-20 22:00:00,-0.28858775
2025-09-20 23:00:00,0.17462236
2025-09-21 00:00:00,0.70721036
2025-09-21 01:00:00,1.1730381
2025-09-21 02:00:00,1.4320165
2025-09-21 03:00:00,1.448659
2025-09-21 04:00:00,1.2283798
2025-09-21 05:00:00,0.77047247
2025-09-21 06:00:00,0.21587716
2025-09-21 07:00:00,-0.35807344
2025-09-21 08:00:00,-0.65640515
2025-09-21 09:00:00,-0.66417116
2025-09-21 10:00:00,-0.44411948
2025-09-21 11:00:00,-0.017366257
2025-09-21 12:00:00,0.5370019
2025-09-21 13:00:00,1.0137633
2025-09-21 14:00:00,1.3683492
2025-09-21 15:00:00,1.4418805
2025-09-21 16:00:00,1.3020301
2025-09-21 17:00:00,0.8932893
2025-09-21 18:00:00,0.341447
2025-09-21 19:00:00,-0.23021989
2025-09-21 20:00:00,-0.60574806
2025-09-21 21:00:00,-0.65512025
2025-09-21 22:00:00,-0.49874598
2025-09-21 23:00:00,-0.11214301
2025-09-22 00:00:00,0.43188345
2025-09-22 01:00:00,0.9345056
2025-09-22 02:00:00,1.3371878
2025-09-22 03:00:00,1.4633825
2025-09-22 04:00:00,1.3689101
2025-09-22 05:00:00,0.9957782
2025-09-22 06:00:00,0.4543029
2025-09-22 07:00:00,-0.12558174
2025-09-22 08:00:00,-0.59934366
2025-09-22 09:00:00,-0.7082159
2025-09-22 10:00:00,-0.590509
2025-09-22 11:00:00,-0.24141085
2025-09-22 12:00:00,0.27479565
